{"0.9948388934135437": [61.97517013549805, 515.3798828125, 90.23832702636719, 581.8048706054688], "0.9922193288803101": [409.0216369628906, 411.499267578125, 427.19146728515625, 460.32379150390625], "0.9908545017242432": [834.8619384765625, 458.8547058105469, 853.9813232421875, 510.4807434082031], "0.9895373582839966": [514.625, 396.14068603515625, 529.5049438476562, 447.4981689453125], "0.9869857430458069": [858.1861572265625, 338.54437255859375, 874.8990478515625, 387.34954833984375], "0.986125648021698": [460.22882080078125, 194.18511962890625, 471.6219177246094, 228.32028198242188], "0.9859557151794434": [395.1148681640625, 390.603515625, 410.20477294921875, 442.23028564453125], "0.9815966486930847": [605.9845581054688, 206.31698608398438, 628.4568481445312, 268.6078796386719], "0.98055100440979": [431.68792724609375, 401.92694091796875, 449.35943603515625, 453.16131591796875], "0.9797970652580261": [323.1195068359375, 403.058349609375, 339.5059814453125, 456.11590576171875], "0.9792951345443726": [760.7047119140625, 344.6204833984375, 781.0903930664062, 396.4366149902344], "0.9788322448730469": [334.0709228515625, 407.30584716796875, 349.0767822265625, 462.5316467285156], "0.9780927896499634": [731.4366455078125, 402.7371826171875, 753.14111328125, 462.9488525390625], "0.9774982929229736": [121.00517272949219, 626.0547485351562, 139.3457489013672, 686.5740356445312], "0.9768864512443542": [316.0587158203125, 493.91387939453125, 334.68524169921875, 557.6660766601562], "0.9763933420181274": [690.6995849609375, 144.3909912109375, 702.3455810546875, 178.11270141601562], "0.9763144254684448": [501.7676696777344, 386.0565490722656, 513.849609375, 433.7903137207031], "0.9762736558914185": [252.96217346191406, 541.998046875, 275.3251953125, 604.1466064453125], "0.9737002849578857": [714.905517578125, 174.60894775390625, 729.20703125, 208.92649841308594], "0.9726350903511047": [438.572509765625, 410.3625183105469, 454.54461669921875, 461.69970703125], "0.9707050919532776": [481.91668701171875, 288.750244140625, 495.49395751953125, 336.0450439453125], "0.9657229781150818": [518.1759033203125, 279.54736328125, 530.412353515625, 316.0184326171875], "0.9589322805404663": [500.97576904296875, 297.104736328125, 514.472412109375, 345.5255126953125], "0.9574750065803528": [197.64199829101562, 390.007080078125, 217.66009521484375, 447.13775634765625], "0.9555943012237549": [158.675048828125, 401.837890625, 176.55075073242188, 451.86395263671875], "0.9533883929252625": [437.7469482421875, 196.5516357421875, 447.9832763671875, 230.81556701660156], "0.9520699381828308": [759.083984375, 394.84405517578125, 773.7134399414062, 446.2341613769531], "0.9448233842849731": [484.4658203125, 410.166748046875, 500.34478759765625, 453.72259521484375], "0.938609778881073": [528.2052612304688, 397.1935729980469, 544.3748779296875, 445.05487060546875], "0.9372873306274414": [605.2874145507812, 349.9649353027344, 621.25830078125, 401.299072265625], "0.9370790719985962": [431.13482666015625, 210.3947296142578, 441.3218994140625, 246.42604064941406], "0.9267982840538025": [460.6630554199219, 290.630615234375, 474.6133117675781, 331.4299621582031], "0.9132888913154602": [333.926025390625, 549.9302978515625, 359.2952880859375, 611.3854370117188], "0.9096720218658447": [796.0546875, 323.89971923828125, 814.9429321289062, 379.46380615234375], "0.9082977771759033": [537.00048828125, 386.933837890625, 552.4443969726562, 440.5467529296875], "0.90791255235672": [405.76690673828125, 170.55413818359375, 416.58721923828125, 206.39337158203125], "0.9026453495025635": [505.77862548828125, 276.259765625, 517.6032104492188, 310.2112731933594], "0.8950880765914917": [87.56529998779297, 243.08590698242188, 100.95325469970703, 284.4607238769531], "0.8950529098510742": [41.901180267333984, 309.3446960449219, 55.847557067871094, 347.8539733886719], "0.8862541913986206": [652.37158203125, 257.4463195800781, 665.0428466796875, 293.0147399902344], "0.8795368075370789": [446.6044006347656, 297.23236083984375, 459.4476013183594, 333.57366943359375], "0.8761008977890015": [338.3975830078125, 526.7000122070312, 358.47125244140625, 579.1112060546875], "0.8687317967414856": [122.53533935546875, 468.61102294921875, 140.10842895507812, 519.1924438476562], "0.8437616229057312": [836.73388671875, 318.42724609375, 851.0286865234375, 366.89739990234375], "0.8407241702079773": [647.77099609375, 234.63873291015625, 658.7222290039062, 274.2547607421875], "0.8322871327400208": [411.7207946777344, 395.7525329589844, 425.09527587890625, 433.03106689453125], "0.8278574347496033": [997.96484375, 190.35040283203125, 1011.625, 228.31329345703125], "0.8125399351119995": [572.689208984375, 346.85150146484375, 589.9544067382812, 405.199951171875], "0.7540974020957947": [885.2852783203125, 155.1959228515625, 895.5210571289062, 185.122314453125], "0.730320394039154": [432.8800964355469, 447.94036865234375, 448.0694274902344, 509.2718505859375], "0.7228174805641174": [594.5940551757812, 354.863525390625, 609.6759033203125, 407.89947509765625], "0.7197169661521912": [369.00811767578125, 196.23751831054688, 379.4540710449219, 232.51039123535156], "0.718059241771698": [586.9105834960938, 357.4984436035156, 599.1099853515625, 400.53594970703125], "0.7124780416488647": [14.24366569519043, 272.009521484375, 28.1065673828125, 317.33746337890625], "0.7111164331436157": [133.3262939453125, 246.05795288085938, 145.94085693359375, 288.3976135253906], "0.7102355360984802": [585.4463500976562, 130.5289306640625, 597.6621704101562, 159.403076171875], "0.7028296589851379": [593.4691162109375, 338.19287109375, 607.406982421875, 371.98394775390625], "0.6975323557853699": [503.2825012207031, 522.226318359375, 521.8837280273438, 575.598388671875], "0.6849013566970825": [770.7533569335938, 702.2698364257812, 796.8197021484375, 765.9329833984375], "0.6632129549980164": [477.758544921875, 264.10845947265625, 493.32208251953125, 299.3381652832031], "0.6520692110061646": [519.3731079101562, 534.8340454101562, 537.6830444335938, 581.6046752929688], "0.6464226245880127": [652.8634643554688, 285.75421142578125, 668.8884887695312, 328.2635498046875], "0.6339656710624695": [832.8975830078125, 149.4112548828125, 844.2188720703125, 191.10693359375], "0.6176658272743225": [39.517486572265625, 471.29058837890625, 65.13571166992188, 561.9461669921875], "0.6157141923904419": [394.90625, 171.40269470214844, 404.4586181640625, 200.35641479492188], "0.6023176312446594": [240.2210693359375, 354.4881896972656, 253.680419921875, 386.37786865234375], "0.5922948718070984": [1011.4339599609375, 195.84112548828125, 1023.0, 231.08316040039062], "0.5800178050994873": [977.5167846679688, 30.22627830505371, 985.1795654296875, 50.62739181518555], "0.572533369064331": [387.80029296875, 166.0538787841797, 398.60809326171875, 201.69117736816406], "0.5691902041435242": [609.00390625, 299.0860595703125, 622.1002197265625, 341.1876525878906], "0.5433356761932373": [996.8816528320312, 33.93791198730469, 1006.0841674804688, 61.30784606933594], "0.5302361845970154": [664.79052734375, 286.9661560058594, 676.89013671875, 331.060791015625], "0.523377537727356": [742.7646484375, 703.3861694335938, 768.0162963867188, 764.9339599609375], "0.5179966688156128": [970.528076171875, 389.4031982421875, 998.056884765625, 453.701171875], "0.5049547553062439": [935.29150390625, 427.70880126953125, 957.25830078125, 486.28924560546875], "0.4751186668872833": [642.3077392578125, 423.7746276855469, 662.8671875, 481.2356872558594], "0.47283846139907837": [629.8433837890625, 316.52117919921875, 650.59228515625, 345.4623107910156], "0.4701310694217682": [1002.8732299804688, 31.332693099975586, 1013.3953857421875, 61.19205093383789], "0.46909624338150024": [571.148681640625, 133.98077392578125, 580.672607421875, 161.11155700683594], "0.41790053248405457": [679.0730590820312, 252.42318725585938, 691.6768188476562, 292.21295166015625],